[
  {
    "name": "Delfino Airstrip",
    "chest_unopened_img": "images/items/Shine_Sprite.png",
    "chest_opened_img": "images/items/Shine_Sprite_Grey.png",
    "children": [
      {
        "name": "Prologue",
        "access_rules": [
          ""
        ],
        "sections": [
          {
            "name": "Delfino Airstrip Dilemma",
            "access_rules":["$splasher", "$skipintro"],
            "visibility_rules":["nozzlespray", "nozzlehover"],
            "item_count": 1
          }
        ],
        "map_locations": [
          {
            "map": "Delfino Airstrip",
            "x": 990,
            "y": 799
          }
        ]
      },
      {
        "name": "Epilogue",
        "access_rules": [
        ],
        "sections": [
          {
            "name": "Red Coin Waterworks",
            "access_rules":["$iscoronaenterable"],
            "item_count": 1
          }
        ],
        "map_locations": [
          {
            "map": "Delfino Airstrip",
            "x": 824,
            "y": 718
          }
        ]
      }
    ]
  },
  {
    "name": "Delfino Plaza",
    "chest_unopened_img": "images/items/Shine_Sprite.png",
    "chest_opened_img": "images/items/Shine_Sprite_Grey.png",
    "access_rules":["$splasher"],
    "children": [
      {
        "name": "Secret Shine",
        "access_rules": [
        ],
        "sections": [
          {
            "name": "Shine Sprite in the Sand",
            "access_rules":["$hover"],
            "item_count": 1
          }
        ],
        "map_locations": [
          {
            "map": "Delfino Plaza",
            "x": 1155,
            "y": 665
          }
        ]
      },
      {
        "name": "Secret Shine 2",
        "access_rules": [
        ],
        "sections": [
          {
            "name": "Clean the West Bell",
            "access_rules":["$hover", "$rocket"],
            "item_count": 1
          }
        ],
        "map_locations": [
          {
            "map": "Delfino Plaza",
            "x": 440,
            "y": 595 
          }
        ]
      },
      {
        "name": "Secret Shine 3",
        "access_rules": [
        ],
        "sections": [
          {
            "name": "Super Slide",
            "access_rules":["$height"],
            "item_count": 1
          }
        ],
        "map_locations": [
          {
            "map": "Delfino Plaza",
            "x": 1635,
            "y": 570
          }
        ]
      },
      {
        "name": "Secret Shine 4",
        "access_rules": [
        ],
        "sections": [
          {
            "name": "The Golden Bird",
            "access_rules":["$spray, $hover"],
            "item_count": 1
          }
        ],
        "map_locations": [
          {
            "map": "Delfino Plaza",
            "x": 1400,
            "y": 1035
          }
        ]
      },
      {
        "name": "Secret Shine 5",
        "access_rules": [
        ],
        "sections": [
          {
            "name": "Turbo Dash!",
            "access_rules":["$turbo"],
            "item_count": 1
          }
        ],
        "map_locations": [
          {
            "map": "Delfino Plaza",
            "x": 460,
            "y": 695
          }
        ]
      },
      {
        "name": "Secret Shine 6",
        "access_rules": [
        ],
        "sections": [
          {
            "name": "Lighthouse Roof",
            "access_rules":["$rocket"],
            "item_count": 1
          }
        ],
        "map_locations": [
          {
            "map": "Delfino Plaza",
            "x": 1230,
            "y": 525
          }
        ]
      },
      {
        "name": "Secret Shine 7",
        "access_rules": [
        ],
        "sections": [
          {
            "name": "Clean the East Bell",
            "access_rules":["$rocket, $spray"],
            "item_count": 1
          }
        ],
        "map_locations": [
          {
            "map": "Delfino Plaza",
            "x": 875,
            "y": 770
          }
        ]
      },
      {
        "name": "Secret Shine 8",
        "access_rules": [
        ],
        "sections": [
          {
            "name": "Shine Gate",
            "access_rules":["$rocket"],
            "item_count": 1
          }
        ],
        "map_locations": [
          {
            "map": "Delfino Plaza",
            "x": 900,
            "y": 410
          }
        ]
      },
      {
        "name": "Secret Shine 9",
        "access_rules": [
        ],
        "sections": [
          {
            "name": "Pachinko Game",
            "access_rules":["hover", "rocket"],
            "item_count": 1
          }
        ],
        "map_locations": [
          {
            "map": "Delfino Plaza",
            "x": 610,
            "y": 530
          }
        ]
      },
      {
        "name": "Secret Shine 10",
        "access_rules": [
        ],
        "sections": [
          {
            "name": "Lily Pad Ride",
            "access_rules":["$hover, $spray, yoshi"],
            "item_count": 1
          }
        ],
        "map_locations": [
          {
            "map": "Delfino Plaza",
            "x": 1340,
            "y": 1120
          }
        ]
      },
      {
        "name": "Secret Shine 11",
        "access_rules": [
        ],
        "sections": [
          {
            "name": "Turbo Track",
            "access_rules":["turbo"],
            "item_count": 1
          }
        ],
        "map_locations": [
          {
            "map": "Delfino Plaza",
            "x": 1070,
            "y": 555
          }
        ]
      },
      {
        "name": "Secret Shine 12",
        "access_rules": [
        ],
        "sections": [
          {
            "name": "Red Coin Field",
            "access_rules":["spray, rocket", "hover"],
            "item_count": 1
          }
        ],
        "map_locations": [
          {
            "map": "Delfino Plaza",
            "x": 570,
            "y": 75
          }
        ]
      },
      {
        "name": "Secret Shine 13",
        "access_rules": [
        ],
        "sections": [
          {
            "name": "Boxing Clever 1",
            "item_count": 1
          },
          {
            "name": "Boxing Clever 2",
            "item_count": 1
          }
        ],
        "map_locations": [
          {
            "map": "Delfino Plaza",
            "x": 760,
            "y": 490
          }
        ]
      },
      {
        "name": "Secret Shine 14",
        "access_rules": [
        ],
        "sections": [
          {
            "name": "Chuckster",
            "item_count": 1
          }
        ],
        "map_locations": [
          {
            "map": "Delfino Plaza",
            "x": 580,
            "y": 455
          }
        ]
      }
    ]
  },
  {
    "name": "Bianco Hills",
    "chest_unopened_img": "images/items/Shine_Sprite.png",
    "chest_opened_img": "images/items/Shine_Sprite_Grey.png",
    "access_rules":["$isBiancoEnterable"],
    "children": [
      {
        "name": "Episode 1",
        "access_rules": [
        ],
        "sections": [
          {
            "name": "Road to the Big Windmill",
            "access_rules":["$splasher"],
            "item_count": 1
          }
        ],
        "map_locations": [
          {
            "map": "Bianco Hills",
            "x": 1070,
            "y": 725
          }
        ]
      },
      {
        "name": "Episode 2",
        "access_rules": [
        ],
        "sections": [
          {
            "name": "Down with Petey Piranha!",
            "access_rules":["$spray, $hover"],
            "item_count": 1
          }
        ],
        "map_locations": [
          {
            "map": "Bianco Hills",
            "x": 1495,
            "y": 370
          }
        ]
      },
      {
        "name": "Episode 3",
        "access_rules": [
          "$spray, $hover"
        ],
        "sections": [
          {
            "name": "The Hillside Cave Secret",
            "access_rules":["$hover", "$rocket"],
            "item_count": 1
          },
          {
            "name": "Red Coins of the Hillside Cave",
            "access_rules":["$hover"],
            "item_count": 1
          }
        ],
        "map_locations": [
          {
            "map": "Bianco Hills",
            "x": 1030,
            "y": 1020
          }
        ]
      },
      {
        "name": "Episode 4",
        "access_rules": [
          "$Bianco4"
        ],
        "sections": [
          {
            "name": "Red Coins of Windmill Village",
            "access_rules":["$hover", "$rocket"],
            "item_count": 1
          }
        ],
        "map_locations": [
          {
            "map": "Bianco Hills",
            "x": 600,
            "y": 435
          }
        ]
      },
      {
        "name": "Episode 5",
        "access_rules": [
          "$Bianco4"
        ],
        "sections": [
          {
            "name": "Petey Piranha Strikes Back",
            "access_rules":["$spray, $rocket"], //dont know why rocket is needed for this??
            "item_count": 1
          }
        ],
        "map_locations": [
          {
            "map": "Bianco Hills",
            "x": 1235,
            "y": 140
          }
        ]
      },
      {
        "name": "Episode 6",
        "access_rules": [
          "$Bianco4"
        ],
        "sections": [
          {
            "name": "Secret of the Dirty Lake",
            "access_rules":["$spray", "$hover"],
            "item_count": 1
          },
          {
            "name": "Red Coins of the Dirty Lake",
            "access_rules":["$spray"],
            "item_count": 1
          }
        ],
        "map_locations": [
          {
            "map": "Bianco Hills",
            "x": 1760,
            "y": 520
          }
        ]
      },
      {
        "name": "Episode 7",
        "access_rules": [
          "$Bianco4"
        ],
        "sections": [
          {
            "name": "Shadow Mario on the Loose",
            "item_count": 1
          }
        ],
        "map_locations": [
          {
            "map": "Bianco Hills",
            "x": 265,
            "y": 615
          }
        ]
      },
      {
        "name": "Episode 8",
        "access_rules": [
          "$Bianco4"
        ],
        "sections": [
          {
            "name": "The Red Coins of the Lake",
            "item_count": 1
          }
        ],
        "map_locations": [
          {
            "map": "Bianco Hills",
            "x": 1465,
            "y": 495
          }
        ]
      }
    ]
  },
  {
    "name": "Ricco Harbor",
    "chest_unopened_img": "images/items/Shine_Sprite.png",
    "chest_opened_img": "images/items/Shine_Sprite_Grey.png",
    "access_rules":["$isRiccoEnterable"],
    "children": [
      {
        "name": "Episode 1",
        "access_rules": [
        ],
        "sections": [
          {
            "name": "Gooper Blooper Breaks Out",
            "access_rules":["$hover"],
            "item_count": 1
          }
        ],
        "map_locations": [
          {
            "map": "Ricco Harbor",
            "x": 1175,
            "y": 165
          }
        ]
      },
      {
        "name": "Episode 2",
        "access_rules": [
          "$hover"
        ],
        "sections": [
          {
            "name": "Blooper Surfing Safari",
            "item_count": 1
          },
          {
            "name": "Blooper Surfing Sequel",
            "item_count": 1
          }
        ],
        "map_locations": [
          {
            "map": "Ricco Harbor",
            "x": 1240,
            "y": 290
          }
        ]
      },
      {
        "name": "Episode 3",
        "access_rules": [
          "$spray"
        ],
        "sections": [
          {
            "name": "The Caged Shine Sprite",
            "access_rules":["$hover"],
            "item_count": 1
          }
        ],
        "map_locations": [
          {
            "map": "Ricco Harbor",
            "x": 700,
            "y": 520
          }
        ]
      },
      {
        "name": "Episode 4",
        "access_rules": [
          "$Ricco47"
        ],
        "sections": [
          {
            "name": "The Secret of Ricco Tower",
            "access_rules":["$hover, $rocket"],
            "item_count": 1
          },
          {
            "name": "Red Coins in Ricco Tower",
            "access_rules":["$hover, $rocket"],
            "item_count": 1
          }
        ],
        "map_locations": [
          {
            "map": "Ricco Harbor",
            "x": 560,
            "y": 280
          }
        ]
      },
      {
        "name": "Episode 5",
        "access_rules": [
          "$Ricco47"
        ],
        "sections": [
          {
            "name": "Gooper Blooper Returns",
            "access_rules":["$hover, $rocket"],
            "item_count": 1
          }
        ],
        "map_locations": [
          {
            "map": "Ricco Harbor",
            "x": 1125,
            "y": 325
          }
        ]
      },
      {
        "name": "Episode 6",
        "access_rules": [
          "$Ricco47"
        ],
        "sections": [
          {
            "name": "Red Coins on the Water",
            "access_rules":["$hover, $rocket"],
            "item_count": 1
          }
        ],
        "map_locations": [
          {
            "map": "Ricco Harbor",
            "x": 365,
            "y": 765
          }
        ]
      },
      {
        "name": "Episode 7",
        "access_rules": [
          "$Ricco47"
        ],
        "sections": [
          {
            "name": "Shadow Mario Revisited",
            "access_rules":["$hover, $rocket"],
            "item_count": 1
          }
        ],
        "map_locations": [
          {
            "map": "Ricco Harbor",
            "x": 410,
            "y": 505
          }
        ]
      },
      {
        "name": "Episode 8",
        "access_rules": [
          "$height"
        ],
        "sections": [
          {
            "name": "Yoshi's Fruit Adventure",
            "access_rules":["$yoshi"],
            "item_count": 1
          }
        ],
        "map_locations": [
          {
            "map": "Ricco Harbor",
            "x": 1425,
            "y": 435
          }
        ]
      }
    ]
  },
  {
    "name": "Gelato Beach",
    "chest_unopened_img": "images/items/Shine_Sprite.png",
    "chest_opened_img": "images/items/Shine_Sprite_Grey.png",
    "access_rules":["$isGelatoEnterable"],
    "children": [
      {
        "name": "Episode 1",
        "access_rules": [
        ],
        "sections": [
          {
            "name": "Dune Bud Sand Castle Secret",
            "access_rules":["$splasher"],
            "item_count": 1
          },
          {
            "name": "Red Coins in the Sand Castle",
            "access_rules":["$hover"],
            "item_count": 1
          }
        ],
        "map_locations": [
          {
            "map": "Gelato Beach",
            "x": 740,
            "y": 940
          }
        ]
      },
      {
        "name": "Episode 2",
        "access_rules": [
        ],
        "sections": [
          {
            "name": "Mirror Madness! Tilt, Slam, Bam!",
            "access_rules":["$spray, $hover"],
            "item_count": 1
          }
        ],
        "map_locations": [
          {
            "map": "Gelato Beach",
            "x": 520,
            "y": 395
          }
        ]
      },
      {
        "name": "Episode 3",
        "access_rules": [
        ],
        "sections": [
          {
            "name": "Wiggler Ahoy! Full Steam Ahead!",
            "access_rules":["$spray, $hover"],
            "item_count": 1
          }
        ],
        "map_locations": [
          {
            "map": "Gelato Beach",
            "x": 625,
            "y": 725
          }
        ]
      },
      {
        "name": "Episode 4",
        "access_rules": [
          "$hover, $spray"
        ],
        "sections": [
          {
            "name": "The Sand Bird is Born",
            "item_count": 1
          }
        ],
        "map_locations": [
          {
            "map": "Sand Bird",
            "x": 757,
            "y": 42
          }
        ]
      },
      {
        "name": "Sand Bird Sky Course",
        "sections": [
          {
            "ref": "Gelato Beach/Episode 4/The Sand Bird is Born"
          },
          {
            "ref": "Sand Bird A/Blue Coin"
          },
          {
            "ref": "Sand Bird B/Blue Coin"
          },
          {
            "ref": "Sand Bird C/Blue Coin"
          },
          {
            "ref": "Sand Bird D/Blue Coin"
          }
        ],
        "map_locations": [
          {
            "map": "Gelato Beach",
            "x": 520,
            "y": 460
          }
        ]
      },
      {
        "name": "Episode 5",
        "access_rules": [
          "$hover, $spray"
        ],
        "sections": [
          {
            "name": "Il Piantissimo's Sand Sprint",
            "access_rules":["$hover", "$turbo"],
            "item_count": 1
          }
        ],
        "map_locations": [
          {
            "map": "Gelato Beach",
            "x": 440,
            "y": 245
          }
        ]
      },
      {
        "name": "Episode 6",
        "access_rules": [
        ],
        "sections": [
          {
            "name": "Red Coins in the Coral Reef",
            "access_rules":["$hover, $spray"],
            "item_count": 1
          }
        ],
        "map_locations": [
          {
            "map": "Gelato Beach",
            "x": 135,
            "y": 1005
          }
        ]
      },
      {
        "name": "Episode 7",
        "access_rules": [
        ],
        "sections": [
          {
            "name": "It's Shadow Mario! After Him!",
            "access_rules":["$spray, $hover"],
            "item_count": 1
          }
        ],
        "map_locations": [
          {
            "map": "Gelato Beach",
            "x": 655,
            "y": 635
          }
        ]
      },
      {
        "name": "Episode 8",
        "access_rules": [
        ],
        "sections": [
          {
            "name": "The Watermelon Festival",
            "access_rules":["$spray, $hover"],
            "item_count": 1
          }
        ],
        "map_locations": [
          {
            "map": "Gelato Beach",
            "x": 180,
            "y": 825
          }
        ]
      },
      {
        "name": "Secret Shine",
        "access_rules": [
        ],
        "sections": [
          {
            "name": "Sandy Shine Sprite",
            "access_rules":["$spray"],
            "item_count": 1
          }
        ],
        "map_locations": [
          {
            "map": "Gelato Beach",
            "x": 465,
            "y": 475
          }
        ]
      }
    ]
  },
  {
    "name": "Pinna Park",
    "chest_unopened_img": "images/items/Shine_Sprite.png",
    "chest_opened_img": "images/items/Shine_Sprite_Grey.png",
    "access_rules":["$isPinnaEnterable"],
    "children": [
      {
        "name": "Episode 1",
        "access_rules": [
        ],
        "sections": [
          {
            "name": "Mecha-Bowser Appears!",
            "access_rules":["$spray"],
            "item_count": 1
          }
        ],
        "map_locations": [
          {
            "map": "Pinna Park",
            "x": 245,
            "y": 805
          }
        ]
      },
      {
        "name": "Episode 2",
        "access_rules": [
          "$spray"
        ],
        "sections": [
          {
            "name": "The Beach Cannon's Secret",
            "item_count": 1
          },
          {
            "name": "Red Coins in the Cannon",
            "access_rules":["$hover"],
            "item_count": 1
          }
        ],
        "map_locations": [
          {
            "map": "Pinna Park",
            "x": 1200,
            "y": 365
          }
        ]
      },
      {
        "name": "Episode 3",
        "access_rules": [
        ],
        "sections": [
          {
            "name": "Red Coins of the Pirate Ships",
            "access_rules":["$spray, $hover"],
            "item_count": 1
          }
        ],
        "map_locations": [
          {
            "map": "Pinna Park",
            "x": 640,
            "y": 415
          }
        ]
      },
      {
        "name": "Episode 4",
        "access_rules": [
        ],
        "sections": [
          {
            "name": "The Wilted Sunflowers",
            "access_rules":["$spray, $hover"],
            "item_count": 1
          }
        ],
        "map_locations": [
          {
            "map": "Pinna Park",
            "x": 1150,
            "y": 530
          }
        ]
      },
      {
        "name": "Episode 5",
        "access_rules": [
          "$spray, $hover"
        ],
        "sections": [
          {
            "name": "The Runaway Ferris Wheel",
            "item_count": 1
          }
        ],
        "map_locations": [
          {
            "map": "Pinna Park",
            "x": 520,
            "y": 130
          }
        ]
      },
      {
        "name": "Episode 6",
        "access_rules": [
          "$spray, $hover"
        ],
        "sections": [
          {
            "name": "The Yoshi-Go-Round's Secret",
            "access_rules":["$yoshi"],
            "item_count": 1
          },
          {
            "name": "Red Coins in the Yoshi-Go-Round",
            "access_rules":["$yoshi"],
            "item_count": 1
          }
        ],
        "map_locations": [
          {
            "map": "Pinna Park",
            "x": 655,
            "y": 917
          }
        ]
      },
      {
        "name": "Episode 7",
        "access_rules": [
          "$spray, $hover, $yoshi"
        ],
        "sections": [
          {
            "name": "Shadow Mario in the Park",
            "item_count": 1
          }
        ],
        "map_locations": [
          {
            "map": "Pinna Park",
            "x": 795,
            "y": 950
          }
        ]
      },
      {
        "name": "Episode 8",
        "access_rules": [
          "$spray, $hover, $yoshi"
        ],
        "sections": [
          {
            "name": "Roller Coaster Balloons",
            "item_count": 1
          }
        ],
        "map_locations": [
          {
            "map": "Pinna Park",
            "x": 440,
            "y": 540
          }
        ]
      }
    ]
  },
  {
    "name": "Sirena Beach",
    "chest_unopened_img": "images/items/Shine_Sprite.png",
    "chest_opened_img": "images/items/Shine_Sprite_Grey.png",
    "access_rules":["$isSirenaEnterable"],
    "children": [
      {
        "name": "Episode 1",
        "access_rules": [
        ],
        "sections": [
          {
            "name": "The Manta Storm",
            "access_rules":["$spray", "$hover"],
            "item_count": 1
          }
        ],
        "map_locations": [
          {
            "map": "Sirena Beach",
            "x": 849,
            "y": 817
          }
        ]
      },
      {
        "name": "Episode 2",
        "access_rules": [
          "$spray", "$hover"
        ],
        "sections": [
          {
            "name": "The Hotel Lobby's Secret",
            "item_count": 1
          },
          {
            "name": "Red Coins in the Boo's Big Mouth",
            "item_count": 1
          }
        ],
        "map_locations": [
          {
            "map": "Hotel Delfino",
            "x": 640,
            "y": 575
          }
        ]
      },
      {
        "name": "Episode 3",
        "access_rules": [
          "$spray", "$hover"
        ],
        "sections": [
          {
            "name": "Mysterious Hotel Delfino",
            "access_rules":["$yoshi"],
            "item_count": 1
          }
        ],
        "map_locations": [
          {
            "map": "Hotel Delfino",
            "x": 525,
            "y": 525
          }
        ]
      },
      {
        "name": "Episode 4",
        "access_rules": [
          "$yoshi"
        ],
        "sections": [
          {
            "name": "The Secret of Casino Delfino",
            "access_rules":["$spray"],
            "item_count": 1
          },
          {
            "name": "Red Coin Winnings in the Casino",
            "access_rules":["$spray"],
            "item_count": 1
          }
        ],
        "map_locations": [
          {
            "map": "Hotel Delfino",
            "x": 1055,
            "y": 1185
          }
        ]
      },
      {
        "name": "Episode 5",
        "access_rules": [
          "$yoshi"
        ],
        "sections": [
          {
            "name": "King Boo Down Below",
            "access_rules":["$spray"],
            "item_count": 1
          }
        ],
        "map_locations": [
          {
            "map": "Hotel Delfino",
            "x": 925,
            "y": 1305
          }
        ]
      },
      {
        "name": "Episode 6",
        "access_rules": [
          "$yoshi"
        ],
        "sections": [
          {
            "name": "Scrubbing Sirena Beach",
            "access_rules":["$spray"],
            "item_count": 1
          }
        ],
        "map_locations": [
          {
            "map": "Sirena Beach",
            "x": 416,
            "y": 985
          }
        ]
      },
      {
        "name": "Episode 7",
        "access_rules": [
          "$yoshi"
        ],
        "sections": [
          {
            "name": "Shadow Mario Checks In",
            "access_rules":["$spray"],
            "item_count": 1
          }
        ],
        "map_locations": [
          {
            "map": "Hotel Delfino",
            "x": 390,
            "y": 1115
          }
        ]
      },
      {
        "name": "Episode 8",
        "access_rules": [
          "$yoshi"
        ],
        "sections": [
          {
            "name": "Red Coins in the Hotel",
            "access_rules":["$spray"],
            "item_count": 1
          }
        ],
        "map_locations": [
          {
            "map": "Hotel Delfino",
            "x": 340,
            "y": 1195
          }
        ]
      }
    ]
  },
  {
    "name": "Noki Bay",
    "chest_unopened_img": "images/items/Shine_Sprite.png",
    "chest_opened_img": "images/items/Shine_Sprite_Grey.png",
    "access_rules":["$isNokiEnterable, $spray, $hover"],
    "children": [
      {
        "name": "Episode 1",
        "access_rules": [
        ],
        "sections": [
          {
            "name": "Uncork the Waterfall",
            "item_count": 1
          }
        ],
        "map_locations": [
          {
            "map": "Noki Bay",
            "x": 1285,
            "y": 510
          }
        ]
      },
      {
        "name": "Episode 2",
        "access_rules": [
        ],
        "sections": [
          {
            "name": "The Boss of Tricky Ruins",
            "item_count": 1
          }
        ],
        "map_locations": [
          {
            "map": "Noki Bay",
            "x": 1195,
            "y": 415
          }
        ]
      },
      {
        "name": "Episode 3",
        "access_rules": [
        ],
        "sections": [
          {
            "name": "Red Coins in a Bottle",
            "item_count": 1
          }
        ],
        "map_locations": [
          {
            "map": "Noki Bay",
            "x": 1510,
            "y": 980
          }
        ]
      },
      {
        "name": "Episode 4",
        "access_rules": [
        ],
        "sections": [
          {
            "name": "Eely-Mouth's Dentist",
            "item_count": 1
          }
        ],
        "map_locations": [
          {
            "map": "Under the Waterfall",
            "x": 570,
            "y": 795
          }
        ]
      },
      {
        "name": "Episode 5",
        "access_rules": [
        ],
        "sections": [
          {
            "name": "Il Piantissimo's Surf Swim",
            "item_count": 1
          }
        ],
        "map_locations": [
          {
            "map": "Noki Bay",
            "x": 285,
            "y": 760
          }
        ]
      },
      {
        "name": "Episode 6",
        "access_rules": [
        ],
        "sections": [
          {
            "name": "The Shell's Secret",
            "item_count": 1
          },
          {
            "name": "Red Coins on the Half Shell",
            "item_count": 1
          }
        ],
        "map_locations": [
          {
            "map": "Noki Bay",
            "x": 450,
            "y": 670
          }
        ]
      },
      {
        "name": "Episode 7",
        "access_rules": [
        ],
        "sections": [
          {
            "name": "Hold It, Shadow Mario!",
            "item_count": 1
          }
        ],
        "map_locations": [
          {
            "map": "Noki Bay",
            "x": 445,
            "y": 940
          }
        ]
      },
      {
        "name": "Episode 8",
        "access_rules": [
        ],
        "sections": [
          {
            "name": "The Red Coin Fish",
            "item_count": 1
          }
        ],
        "map_locations": [
          {
            "map": "Under the Waterfall",
            "x": 710,
            "y": 810
          }
        ]
      },
      {
        "name": "Secret Shine",
        "access_rules": [
        ],
        "sections": [
          {
            "name": "A Golden Bird",
            "item_count": 1
          }
        ],
        "map_locations": [
          {
            "map": "Noki Bay",
            "x": 190,
            "y": 325
          },
          {
            "map": "Noki Bay",
            "x": 965,
            "y": 680
          }
        ]
      }
    ]
  },
  {
    "name": "Pianta Village",
    "chest_unopened_img": "images/items/Shine_Sprite.png",
    "chest_opened_img": "images/items/Shine_Sprite_Grey.png",
    "access_rules":["$isPiantaEnterable"],
    "children": [
      {
        "name": "Episode 1",
        "access_rules": [
        ],
        "sections": [
          {
            "name": "Chain Chomplets Unchained",
            "access_rules":["$spray"],
            "item_count": 1
          }
        ],
        "map_locations": [
          {
            "map": "Pianta Village",
            "x": 1550,
            "y": 1055
          }
        ]
      },
      {
        "name": "Episode 2",
        "access_rules": [
        ],
        "sections": [
          {
            "name": "Il Piantissimo's Crazy Climb",
            "access_rules":["$spray"],
            "item_count": 1
          }
        ],
        "map_locations": [
          {
            "map": "Pianta Village",
            "x": 715,
            "y": 575
          }
        ]
      },
      {
        "name": "Episode 3",
        "access_rules": [
        ],
        "sections": [
          {
            "name": "The Goopy Inferno",
            "access_rules":["$spray, $height"],
            "item_count": 1
          }
        ],
        "map_locations": [
          {
            "map": "Pianta Village",
            "x": 1425,
            "y": 1105
          }
        ]
      },
      {
        "name": "Episode 4",
        "access_rules": [
        ],
        "sections": [
          {
            "name": "Chain Chomp's Bath",
            "access_rules":["$spray, $height"],
            "item_count": 1
          }
        ],
        "map_locations": [
          {
            "map": "Pianta Village",
            "x": 1145,
            "y": 950
          }
        ]
      },
      {
        "name": "Episode 5",
        "access_rules": [
          "$yoshi"
        ],
        "sections": [
          {
            "name": "Secret of the Village Underside",
            "access_rules":["$spray, $height"],
            "item_count": 1
          },
          {
            "name": "Red Coin Chucksters",
            "access_rules":["$spray, $height"],
            "item_count": 1
          }
        ],
        "map_locations": [
          {
            "map": "Village Underside",
            "x": 710,
            "y": 500
          }
        ]
      },
      {
        "name": "Episode 6",
        "access_rules": [
          "$yoshi"
        ],
        "sections": [
          {
            "name": "Pianta's in Need",
            "access_rules":["$spray, $height"],
            "item_count": 1
          }
        ],
        "map_locations": [
          {
            "map": "Pianta Village",
            "x": 1795,
            "y": 1855
          }
        ]
      },
      {
        "name": "Episode 7",
        "access_rules": [
          "$yoshi"
        ],
        "sections": [
          {
            "name": "Shadow Mario Runs Wild",
            "access_rules":["$spray, $height"],
            "item_count": 1
          }
        ],
        "map_locations": [
          {
            "map": "Pianta Village",
            "x": 1640,
            "y": 1570
          }
        ]
      },
      {
        "name": "Episode 8",
        "access_rules": [
          "$yoshi"
        ],
        "sections": [
          {
            "name": "Fluff Festival Coin Hunt",
            "access_rules":["$spray, $rocket"],
            "item_count": 1
          }
        ],
        "map_locations": [
          {
            "map": "Pianta Village",
            "x": 925,
            "y": 650
          }
        ]
      },
      {
        "name": "Secret Shine",
        "access_rules": [
        ],
        "sections": [
          {
            "name": "Soak the Sun",
            "access_rules":["$spray, $hover"],
            "item_count": 1
          }
        ],
        "map_locations": [
          {
            "map": "Pianta Village",
            "x": 1535,
            "y": 430
          }
        ]
      }
    ]
  },
  {
    "name": "Corona Mountain",
    "chest_unopened_img": "images/items/Shine_Sprite.png",
    "chest_opened_img": "images/items/Shine_Sprite_Grey.png",
    "children": [
      {
        "name": "Episode 1",
        "access_rules": [
          "$iscoronaenterable"
        ],
        "sections": [
          {
            "name": "Father and Son Shine!",
            "access_rules":["$spray, $hover, $rocket"],
            "item_count": 1
          }
        ],
        "map_locations": [
          {
            "map": "Corona Mountain",
            "x": 1125,
            "y": 355
          }
        ]
      }
    ]
  }
]